script_id,category,severity,tone,prompt_script
REC_001,UPI/Payments,high,frustrated,"My UPI transfer of Rs 5000 failed at the store but the money was deducted from my account. Please reverse it immediately."
REC_002,UPI/Payments,medium,calm,"I initiated a UPI payment through Google Pay yesterday. The status is showing processing but receiver has not gotten it."
REC_003,UPI/Payments,high,frustrated,"The UPI server timed out during electricity bill payment and money got deducted twice. This is unacceptable."
REC_004,UPI/Payments,low,calm,"I want to inquire about the maximum daily transaction limit for UPI on my savings account."
REC_005,Transaction Errors,high,frustrated,"The ATM on MG Road did not dispense cash of Rs 10000 but I got an SMS saying amount debited."
REC_006,Transaction Errors,medium,calm,"There is a duplicate debit on my card statement for pos machine transaction at grocery supermarket."
REC_007,Transaction Errors,high,frustrated,"I was charged twice for my Netflix subscription on my debit card. Please refund the extra amount."
REC_008,Transaction Errors,low,calm,"Can you please provide the transaction receipt copy for my previous month ATM withdrawal?"
REC_009,Loans,high,frustrated,"You debited double EMI for my home loan this month without my authorization. My account balance is negative now."
REC_010,Loans,medium,calm,"I submitted all foreclosure documents for my car loan two weeks ago but have not received the NOC certificate."
REC_011,Loans,low,calm,"I would like to know the current interest rate for personal loans and the prepayment penalty terms."
REC_012,Loans,high,frustrated,"Recovery agents are calling me for a loan that I have already closed and cleared. Stop this harassment immediately."
REC_013,Accounts,high,frustrated,"My salary account has been frozen without any prior notice. I cannot access my funds to pay rent."
REC_014,Accounts,medium,calm,"I requested to update my residential address in the branch last week but online banking still shows the old one."
REC_015,Accounts,low,calm,"Please let me know the procedure to add a nominee to my fixed deposit account."
REC_016,Accounts,medium,frustrated,"You charged minimum balance penalty on my zero balance salary account. Please reverse these charges."
REC_017,Credit Cards,high,frustrated,"Someone made an unauthorized online transaction of Rs 45000 on my credit card. Block my card right now."
REC_018,Credit Cards,medium,calm,"My credit card reward points were not credited for last billing cycle purchase."
REC_019,Credit Cards,low,calm,"I would like to request an upgrade to my credit card limit based on my revised income statement."
REC_020,Credit Cards,high,frustrated,"My credit card was blocked at a restaurant while I was traveling abroad despite having international usage active."
REC_021,KYC/Verification,high,frustrated,"My account was blocked citing KYC pending even though I completed video KYC twice last month."
REC_022,KYC/Verification,medium,calm,"My Aadhaar and PAN linking request has been under review for over ten days. Please expedite."
REC_023,KYC/Verification,low,calm,"What valid documents are required to complete re-KYC for a non-resident account?"
REC_024,KYC/Verification,high,frustrated,"Branch staff refused to accept my official government identity documents for KYC update without reason."
